﻿<?xml version="1.0" encoding="utf-8"?>
<manifest identifier="_6nm2UeMzNUB" version="1.0" xmlns="http://www.imsproject.org/xsd/imscp_rootv1p1p2" xmlns:adlcp="http://www.adlnet.org/xsd/adlcp_rootv1p2" xmlns:xsi="http://www.w3.org/2001/XMLSchema-instance" xsi:schemaLocation="http://www.imsproject.org/xsd/imscp_rootv1p1p2 imscp_rootv1p1p2.xsd http://www.imsglobal.org/xsd/imsmd_rootv1p2p1 imsmd_rootv1p2p1.xsd http://www.adlnet.org/xsd/adlcp_rootv1p2 adlcp_rootv1p2.xsd">
  <metadata>
    <schema>ADL SCORM</schema>
    <schemaversion>1.2</schemaversion>
    <lom xmlns="http://www.imsglobal.org/xsd/imsmd_rootv1p2p1" xmlns:xsi="http://www.w3.org/2001/XMLSchema-instance" xsi:schemaLocation="http://www.imsglobal.org/xsd/imsmd_rootv1p2p1 imsmd_rootv1p2p1.xsd">
      <general>
        <title>
          <langstring xml:lang="x-none">PROACTIVE BREAKDOWN SUPPORT </langstring>
        </title>
      </general>
      <lifecycle>
        <version>
          <langstring xml:lang="x-none">1</langstring>
        </version>
        <status>
          <source>
            <langstring xml:lang="x-none">LOMv1.0</langstring>
          </source>
          <value>
            <langstring xml:lang="x-none">Final</langstring>
          </value>
        </status>
      </lifecycle>
      <metametadata>
        <metadatascheme>ADL SCORM 1.2</metadatascheme>
      </metametadata>
      <educational>
        <typicallearningtime>
          <datetime>PT0H0M0S</datetime>
        </typicallearningtime>
      </educational>
      <rights>
        <cost>
          <source>
            <langstring xml:lang="x-none">LOMv1.0</langstring>
          </source>
          <value>
            <langstring xml:lang="x-none">yes</langstring>
          </value>
        </cost>
        <copyrightandotherrestrictions>
          <source>
            <langstring xml:lang="x-none">LOMv1.0</langstring>
          </source>
          <value>
            <langstring xml:lang="x-none">yes</langstring>
          </value>
        </copyrightandotherrestrictions>
      </rights>
    </lom>
  </metadata>
  <organizations default="PROACTIVE_BREAKDOWN_SUPPORT__ORG">
    <organization identifier="PROACTIVE_BREAKDOWN_SUPPORT__ORG">
      <title>PROACTIVE BREAKDOWN SUPPORT </title>
      <item identifier="PROACTIVE_BREAKDOWN_SUPPORT__SCO" isvisible="true" identifierref="__6nm2UeMzNUB_RES">
        <title>PROACTIVE BREAKDOWN SUPPORT </title>
      </item>
    </organization>
  </organizations>
  <resources>
    <resource identifier="__6nm2UeMzNUB_RES" type="webcontent" href="index_lms.html" adlcp:scormtype="sco">
      <file href="story_content/thumbnail.jpg" />
      <file href="story_content/6EptDQV5D9O_44100_48_0.mp3" />
      <file href="story_content/5tA7Rtmi9Af_44100_48_0.mp3" />
      <file href="story_content/6B9bbOO4l6o_44100_48_0.mp3" />
      <file href="mobile/5viBARXO4Bf.png" />
      <file href="mobile/6CZ2hiPfEd8.png" />
      <file href="mobile/64eyuGI10Sz.png" />
      <file href="story_content/6KZScYiyzc6_44100_48_0.mp3" />
      <file href="story_content/5ijFrJ3S3Yl_44100_48_0.mp3" />
      <file href="mobile/5tkOl0cpU7t.png" />
      <file href="mobile/5qAVs5l2uSP.png" />
      <file href="mobile/5rUUG6X8Bym.png" />
      <file href="mobile/6YdMpvldfJJ.png" />
      <file href="mobile/5q8QQydHtpP.png" />
      <file href="mobile/6CDj1bggPvh.png" />
      <file href="story_content/6DuuEZnHJcb.js" />
      <file href="mobile/6riqTDDFa6f.png" />
      <file href="mobile/6MbRviIpVeK.png" />
      <file href="mobile/6jEtm1Y2VmC.png" />
      <file href="mobile/6CZjCtMic87.png" />
      <file href="mobile/6ncJNV7r0yH.png" />
      <file href="mobile/5jRRHicLzra_X_M_80_80.png" />
      <file href="mobile/6jUSNgFLDbt.png" />
      <file href="mobile/67sEy1AYCFD.png" />
      <file href="mobile/62vHVbg2TRP.png" />
      <file href="mobile/6JWLHXDSc5Y.png" />
      <file href="mobile/5yV82RGDWHG.png" />
      <file href="story_content/5rjhReKMxBS_44100_48_0.mp3" />
      <file href="story_content/Effect1_click_1_0.png" />
      <file href="story_content/Effect1_click_1_1.png" />
      <file href="story_content/Effect1_click_1_2.png" />
      <file href="story_content/Effect1_click_1_3.png" />
      <file href="story_content/Effect1_click_1_4.png" />
      <file href="story_content/Effect1_click_1_5.png" />
      <file href="story_content/MouseClickSound_0d140264-b077-41e0-bdee-ef322d7ec2d2_44100_48_0.mp3" />
      <file href="story_content/64qEPzeANvA_44100_48_0.mp3" />
      <file href="mobile/6EHtdW2BYPF.png" />
      <file href="mobile/6oZVTRgb69D.png" />
      <file href="mobile/5lL573Ryli2.png" />
      <file href="story_content/6VaoDgmpcAD_44100_48_0.mp3" />
      <file href="story_content/5oBbjmxJ5cW_44100_48_0.mp3" />
      <file href="mobile/5qrV5PCxKqz.png" />
      <file href="mobile/6ZsWyj82W8q.png" />
      <file href="mobile/6042GTT4NOD.png" />
      <file href="story_content/6TSDozGo3z9_44100_48_0.mp3" />
      <file href="story_content/671NIstrqG1_44100_48_0.mp3" />
      <file href="mobile/6YsFVEjV7jy.png" />
      <file href="mobile/6bQI9Z1jaAB.png" />
      <file href="mobile/5bEp8z4IFeI.png" />
      <file href="story_content/6hmLvzNvdUV_44100_48_0.mp3" />
      <file href="story_content/5YiLQLC9kyL_44100_48_0.mp3" />
      <file href="story_content/6gwPuc9CAmL_44100_48_0.mp3" />
      <file href="story_content/6A3OhLg3baY_44100_48_0.mp3" />
      <file href="mobile/5lNFqeQuJKQ.png" />
      <file href="mobile/5rmmWM1wgVS.png" />
      <file href="mobile/6OdhF3dPHJ0.png" />
      <file href="story_content/5n9VESR90CN_44100_48_0.mp3" />
      <file href="story_content/6oDNjnkilqO_44100_48_0.mp3" />
      <file href="mobile/6fNByrzOg1A.png" />
      <file href="mobile/6oBFUcDVADr.png" />
      <file href="mobile/6mPlhbWUT4E.png" />
      <file href="story_content/6VCI2WwJha7_44100_48_0.mp3" />
      <file href="story_content/5v2nBCSYMYF_44100_48_0.mp3" />
      <file href="mobile/6BoqjTaRpNm.png" />
      <file href="mobile/5VJaOwP52rT.png" />
      <file href="mobile/5ocUy1ROLMb_B7_C11.jpg" />
      <file href="mobile/5g7SYDGJi3Z_M_396_396.png" />
      <file href="mobile/5cZUdXjYi9Z_M_396_396.png" />
      <file href="mobile/6ga1el0BOXx_M_396_396.png" />
      <file href="mobile/6PbSDJ0sOel.png" />
      <file href="mobile/5VJaOwP52rT_XY.png" />
      <file href="story_content/WideDownwardDiagonal_D0F9FD_D1F6FA.jpg" />
      <file href="mobile/5lC05wMSxWT_M_450_450.png" />
      <file href="mobile/6ZJGDVyt7Kp_M_450_450.png" />
      <file href="mobile/5eluviLNW4J_M_450_450.png" />
      <file href="mobile/5wtnsfq9vEF.png" />
      <file href="mobile/5iVkTx8yshT.png" />
      <file href="mobile/6MhIIL7iAtU.png" />
      <file href="mobile/6ELbWtEWYQL.png" />
      <file href="mobile/5Wi7dnBFW4z_M_948_948.png" />
      <file href="mobile/5msanZoBcTY_M_948_948.png" />
      <file href="mobile/5u9EdurIrGW.png" />
      <file href="mobile/6fmNxIOiOXG.png" />
      <file href="mobile/5f2vVyVDI4t_M_460_460.png" />
      <file href="mobile/6aDV20IPaUh_M_464_464.png" />
      <file href="story_content/6RkRn1VxOJu_44100_48_0.mp3" />
      <file href="story_content/5lsT7CKgC6J_44100_48_0.mp3" />
      <file href="mobile/6Ab0Zf0bc7V.png" />
      <file href="story_content/65hf3AySBJ0_44100_48_0.mp3" />
      <file href="mobile/6RzEZJ0pUUd.png" />
      <file href="story_content/6oUplDtqdN6_44100_48_0.mp3" />
      <file href="mobile/5wluWC9Tn3v.png" />
      <file href="story_content/5lsZ9XrlKsu_44100_48_0.mp3" />
      <file href="mobile/6XDqmon5jHZ.png" />
      <file href="story_content/6JvFPW6U0Ce_44100_48_0.mp3" />
      <file href="mobile/6jeZIMdRgPO.png" />
      <file href="story_content/5jU5d0T7z4Y_44100_48_0.mp3" />
      <file href="story_content/5qiT676sfoa_44100_48_0.mp3" />
      <file href="mobile/6o2D7dUXoBw.png" />
      <file href="story_content/5saVij0E4Uj_44100_48_0.mp3" />
      <file href="story_content/5XUQuUL1kyN_44100_48_0.mp3" />
      <file href="mobile/5fzXtsNfx25.png" />
      <file href="story_content/6DOOS06qVJp_44100_48_0.mp3" />
      <file href="mobile/6DA5X1TnaTC.png" />
      <file href="story_content/64NnKB0rgtF_44100_48_0.mp3" />
      <file href="mobile/6OtneA1Lwyp.png" />
      <file href="story_content/5uT7KviC2Nw_44100_48_0.mp3" />
      <file href="mobile/6S9Tn29DYH0_M_520_520.png" />
      <file href="story_content/6COB6bp5pz4_44100_48_0.mp3" />
      <file href="story_content/5q7p2qaH4Fl_44100_48_0.mp3" />
      <file href="meta.xml" />
      <file href="story_content/user.js" />
      <file href="mobile/txt__default_5sZ2OxX1Ltz.png" />
      <file href="mobile/txt__default_6XrbC8LOt88.png" />
      <file href="mobile/txt__default_5eBDYXGFAup.png" />
      <file href="mobile/txt__default_6c2W7cHSpFF.png" />
      <file href="mobile/txt__default_5uaHthN4qHZ.png" />
      <file href="mobile/txt__default_6aXGzPYuoGV.png" />
      <file href="mobile/txt__default_6CWjipBUE5f.png" />
      <file href="mobile/Shape6r03iaHD0LA.png" />
      <file href="mobile/Shape5oOKF2uB2Gk.png" />
      <file href="mobile/txt__default_6lTSeDlLnxP.png" />
      <file href="mobile/txt__default_6PcEoDEmXo1.png" />
      <file href="html5/data/css/output.min.css" />
      <file href="html5/data/js/5crMgmYVK1R.js" />
      <file href="html5/data/js/5etgY4XOHIs.js" />
      <file href="html5/data/js/5f32fEMgR2k.js" />
      <file href="html5/data/js/5gpLmmBAdZl.js" />
      <file href="html5/data/js/5oKMdfkYhnY.js" />
      <file href="html5/data/js/5t20uiaZnN9.js" />
      <file href="html5/data/js/5tq36gUDdJy.js" />
      <file href="html5/data/js/5tWfPkYEmQf.js" />
      <file href="html5/data/js/5WEicgxOW2D.js" />
      <file href="html5/data/js/60b0U9BjqMU.js" />
      <file href="html5/data/js/60IqHZvYHlO.js" />
      <file href="html5/data/js/61LhRT4J4KC.js" />
      <file href="html5/data/js/62C6EWuLEw2.js" />
      <file href="html5/data/js/6dCsfMkxaBN.js" />
      <file href="html5/data/js/6deLthV3XDh.js" />
      <file href="html5/data/js/6jU2wbv5Slf.js" />
      <file href="html5/data/js/6OEEeqjvoTG.js" />
      <file href="html5/data/js/6pGLNVRTZoU.js" />
      <file href="html5/data/js/6PWSsh8LW9R.js" />
      <file href="html5/data/js/6qQDnsI9QFt.js" />
      <file href="html5/data/js/6W1Nhm70jrC.js" />
      <file href="html5/data/js/6XbWDRm63PR.js" />
      <file href="html5/data/js/data.js" />
      <file href="html5/data/js/frame.js" />
      <file href="html5/data/js/paths.js" />
      <file href="html5/lib/scripts/bootstrapper.min.js" />
      <file href="html5/lib/scripts/frame.desktop.min.js" />
      <file href="html5/lib/scripts/frame.mobile.min.js" />
      <file href="html5/lib/scripts/slides.min.js" />
      <file href="html5/lib/stylesheets/desktop.min.css" />
      <file href="html5/lib/stylesheets/mobile.min.css" />
      <file href="html5/lib/stylesheets/mobile-fonts/open-sans-bold.woff" />
      <file href="html5/lib/stylesheets/mobile-fonts/open-sans-light.woff" />
      <file href="html5/lib/stylesheets/mobile-fonts/open-sans-regular.woff" />
      <file href="analytics-frame.html" />
      <file href="story.html" />
      <file href="index_lms.html" />
      <file href="lms/AICCComm.html" />
      <file href="lms/blank.html" />
      <file href="lms/browsersniff.js" />
      <file href="lms/goodbye.html" />
      <file href="lms/scormdriver.js" />
    </resource>
  </resources>
</manifest>